{"cameraMode":{"drawMode":0,"name":"Shaded","section":"Shading Mode"},"sceneLighting":false,"audioPlay":false,"sceneViewState":{"showFog":false,"showMaterialUpdate":false,"showSkybox":false,"showFlares":false,"showImageEffects":false,"showParticleSystems":false},"in2DMode":false,"pivot":{"x":444.70001220703127,"y":2.2699999809265138,"z":465.79998779296877},"rotation":{"x":-0.03779592737555504,"y":-0.015890778973698617,"z":0.0006010947981849313,"w":-0.9991599321365356},"size":2.8578836917877199,"orthographic":false}