{"cameraMode":{"drawMode":0,"name":"Shaded","section":"Shading Mode"},"sceneLighting":true,"audioPlay":false,"sceneViewState":{"showFog":false,"showMaterialUpdate":false,"showSkybox":false,"showFlares":false,"showImageEffects":false,"showParticleSystems":false},"in2DMode":false,"pivot":{"x":-20.032058715820314,"y":12.437995910644532,"z":-10.49550724029541},"rotation":{"x":-0.3588077425956726,"y":0.6211689710617065,"z":-0.3827992379665375,"w":-0.582172155380249},"size":57.17929458618164,"orthographic":false}