{"cameraMode":{"drawMode":0,"name":"Shaded","section":"Shading Mode"},"sceneLighting":true,"audioPlay":false,"sceneViewState":{"showFog":false,"showMaterialUpdate":false,"showSkybox":false,"showFlares":false,"showImageEffects":false,"showParticleSystems":false},"in2DMode":false,"pivot":{"x":-35.33840560913086,"y":-917.4633178710938,"z":50.90632247924805},"rotation":{"x":0.38450321555137637,"y":-0.11284379661083222,"z":0.04737940430641174,"w":0.915004312992096},"size":359.94732666015627,"orthographic":false}