{"cameraMode":{"drawMode":0,"name":"Shaded","section":"Shading Mode"},"sceneLighting":false,"audioPlay":false,"sceneViewState":{"showFog":false,"showMaterialUpdate":false,"showSkybox":false,"showFlares":false,"showImageEffects":false,"showParticleSystems":false},"in2DMode":false,"pivot":{"x":-9.908348083496094,"y":6.537115573883057,"z":1.6781244277954102},"rotation":{"x":-0.11342822015285492,"y":0.608387291431427,"z":-0.0884048193693161,"w":-0.7805118560791016},"size":16.05120086669922,"orthographic":false}