{"cameraMode":{"drawMode":0,"name":"Shaded","section":"Shading Mode"},"sceneLighting":false,"audioPlay":false,"sceneViewState":{"showFog":false,"showMaterialUpdate":false,"showSkybox":false,"showFlares":false,"showImageEffects":false,"showParticleSystems":false},"in2DMode":false,"pivot":{"x":449.9429931640625,"y":6.21448278427124,"z":420.279296875},"rotation":{"x":-0.03779592737555504,"y":-0.015890778973698617,"z":0.0006010947981849313,"w":-0.9991599321365356},"size":27.05832862854004,"orthographic":false}