{"cameraMode":{"drawMode":0,"name":"Shaded","section":"Shading Mode"},"sceneLighting":true,"audioPlay":false,"sceneViewState":{"showFog":false,"showMaterialUpdate":false,"showSkybox":false,"showFlares":false,"showImageEffects":false,"showParticleSystems":false},"in2DMode":false,"pivot":{"x":1.919682502746582,"y":11.775867462158204,"z":-6.166027069091797},"rotation":{"x":0.38325875997543337,"y":0.00027137200231663883,"z":-0.0001520898804301396,"w":0.9236703515052795},"size":67.10040283203125,"orthographic":false}