{"cameraMode":{"drawMode":0,"name":"Shaded","section":"Shading Mode"},"sceneLighting":false,"audioPlay":false,"sceneViewState":{"showFog":false,"showMaterialUpdate":false,"showSkybox":false,"showFlares":false,"showImageEffects":false,"showParticleSystems":false},"in2DMode":false,"pivot":{"x":4.243755340576172,"y":2.379871368408203,"z":2.131744384765625},"rotation":{"x":-0.020780788734555246,"y":-0.5186097621917725,"z":0.012609675526618958,"w":-0.8546668887138367},"size":22.67324447631836,"orthographic":false}