{"cameraMode":{"drawMode":0,"name":"Shaded","section":"Shading Mode"},"sceneLighting":true,"audioPlay":false,"sceneViewState":{"showFog":false,"showMaterialUpdate":false,"showSkybox":false,"showFlares":false,"showImageEffects":false,"showParticleSystems":false},"in2DMode":false,"pivot":{"x":445.8080139160156,"y":-9.674629211425782,"z":441.6173400878906},"rotation":{"x":-0.3172902464866638,"y":-0.34637925028800967,"z":0.12577533721923829,"w":-0.8738032579421997},"size":151.6234588623047,"orthographic":false}