{"cameraMode":{"drawMode":0,"name":"Shaded","section":"Shading Mode"},"sceneLighting":false,"audioPlay":false,"sceneViewState":{"showFog":true,"showMaterialUpdate":false,"showSkybox":false,"showFlares":true,"showImageEffects":true,"showParticleSystems":true},"in2DMode":false,"pivot":{"x":-0.2793189287185669,"y":3.934391736984253,"z":4.408576965332031},"rotation":{"x":-0.20436114072799684,"y":-0.4368111193180084,"z":0.10260795801877976,"w":-0.8700243234634399},"size":20.474666595458986,"orthographic":false}