{"cameraMode":{"drawMode":0,"name":"Shaded","section":"Shading Mode"},"sceneLighting":false,"audioPlay":false,"sceneViewState":{"showFog":true,"showMaterialUpdate":false,"showSkybox":false,"showFlares":true,"showImageEffects":true,"showParticleSystems":true},"in2DMode":false,"pivot":{"x":7.227790832519531,"y":1.2511670589447022,"z":-2.7607533931732179},"rotation":{"x":-0.0816740170121193,"y":-0.7163650393486023,"z":0.08508119732141495,"w":-0.6877135634422302},"size":29.285995483398439,"orthographic":false}