{"cameraMode":{"drawMode":0,"name":"Shaded","section":"Shading Mode"},"sceneLighting":false,"audioPlay":false,"sceneViewState":{"showFog":true,"showMaterialUpdate":false,"showSkybox":false,"showFlares":true,"showImageEffects":true,"showParticleSystems":true},"in2DMode":false,"pivot":{"x":449.9429931640625,"y":6.21448278427124,"z":420.279296875},"rotation":{"x":-0.19808398187160493,"y":-0.1228465661406517,"z":0.02503538504242897,"w":-0.9721397161483765},"size":27.05832862854004,"orthographic":false}