{"cameraMode":{"drawMode":0,"name":"Shaded","section":"Shading Mode"},"sceneLighting":false,"audioPlay":false,"sceneViewState":{"showFog":false,"showMaterialUpdate":false,"showSkybox":false,"showFlares":false,"showImageEffects":false,"showParticleSystems":false},"in2DMode":false,"pivot":{"x":458.9212951660156,"y":14.782585144042969,"z":428.08392333984377},"rotation":{"x":-0.20925548672676087,"y":-0.6992589831352234,"z":0.22693292796611787,"w":-0.6447888016700745},"size":61.78623580932617,"orthographic":false}